<?xml version="1.0"?>
<config xmlns:xsi="http://www.w3.org/2001/XMLSchema-instance" xsi:noNamespaceSchemaLocation="urn:magento:framework:ObjectManager/etc/config.xsd">
    <type name="Magento\Checkout\Block\Checkout\LayoutProcessor">
        <plugin disabled="false" name="Acommerce_Address_Plugin_Magento_Checkout_Block_LayoutProcessor" type="Acommerce\Address\Plugin\Magento\Checkout\Block\LayoutProcessor" sortOrder="10"/>
    </type>
    <type name="Magento\Checkout\Model\CompositeConfigProvider">
        <arguments>
            <argument name="configProviders" xsi:type="array">
                <item name="countries_data_provider" xsi:type="object">Acommerce\Address\Model\CountriesDataProvider</item>
            </argument>
        </arguments>
    </type>
</config>