<?xml version="1.0"?>
<!--
/**
 * Copyright © Magento, Inc. All rights reserved.
 * See COPYING.txt for license details.
 */
-->
<config xmlns:xsi="http://www.w3.org/2001/XMLSchema-instance"
    xsi:noNamespaceSchemaLocation="urn:magento:module:Magento_Customer:etc/sections.xsd">
    <action name="customer/account/logout"/>
    <action name="customer/account/loginPost"/>
    <action name="customer/account/createPost"/>
    <action name="customer/account/editPost"/>
    <action name="customer/ajax/login">
        <section name="checkout-data"/>
        <section name="cart"/>
    </action>
</config>
