<?xml version="1.0"?>
<!--
/** Grid di xml
 * @category  Webkul
 * @package   Webkul_Grid
 * @author    Webkul
 * @copyright Copyright (c) 2010-2017 Webkul Software Private Limited (https://webkul.com)
 * @license   https://store.webkul.com/license.html
 */
-->
<config xmlns:xsi="http://www.w3.org/2001/XMLSchema-instance" xsi:noNamespaceSchemaLocation="urn:magento:framework:ObjectManager/etc/config.xsd">
    <preference for="Webkul\Grid\Api\Data\GridInterface" type="Webkul\Grid\Model\Grid" />

    <virtualType name="Webkul\Grid\Model\ResourceModel\Grid\Grid\Collection" type="Magento\Framework\View\Element\UiComponent\DataProvider\SearchResult">
        <arguments>
            <argument name="mainTable" xsi:type="string">inquiry_openticket</argument>
            <argument name="resourceModel" xsi:type="string">Webkul\Grid\Model\ResourceModel\Grid</argument>
        </arguments>
    </virtualType>
    <type name="Magento\Framework\View\Element\UiComponent\DataProvider\CollectionFactory">
        <arguments>
            <argument name="collections" xsi:type="array">
                <item name="grid_record_grid_list_data_source" xsi:type="string">Webkul\Grid\Model\ResourceModel\Grid\Grid\Collection</item>
            </argument>
        </arguments>
    </type>
    <type name="Webkul\Grid\Logger\Handler">
        <arguments>
            <argument name="filesystem" xsi:type="object">Magento\Framework\Filesystem\Driver\File</argument>
        </arguments>
    </type>
    <type name="Webkul\Grid\Logger\Logger">
        <arguments>
            <argument name="name" xsi:type="string">customLogHandler</argument>
            <argument name="handlers"  xsi:type="array">
                <item name="system" xsi:type="object">Webkul\Grid\Logger\Handler</item>
            </argument>
        </arguments>
    </type>
</config>
