<?xml version="1.0"?>
<config xmlns:xsi="http://www.w3.org/2001/XMLSchema-instance" xsi:noNamespaceSchemaLocation="urn:magento:framework:ObjectManager/etc/config.xsd">
    <type name="Magento\Framework\View\Element\UiComponent\DataProvider\CollectionFactory">
        <arguments>
            <argument name="collections" xsi:type="array">
                <item name="region_listing_data_source" xsi:type="string">Acommerce\Address\Model\ResourceModel\Region\Grid\Collection</item>
                <item name="city_listing_data_source" xsi:type="string">Acommerce\Address\Model\ResourceModel\City\Grid\Collection</item>
                <item name="subdistrict_listing_data_source" xsi:type="string">Acommerce\Address\Model\ResourceModel\Subdistrict\Grid\Collection</item>
            </argument>
        </arguments>
    </type>
    
    <virtualType name="AcommerceRegionGirdFilterPool" type="Magento\Framework\View\Element\UiComponent\DataProvider\FilterPool">
        <arguments>
            <argument name="appliers" xsi:type="array">
                <item name="regular" xsi:type="object">Magento\Framework\View\Element\UiComponent\DataProvider\RegularFilter</item>
                <item name="fulltext" xsi:type="object">Magento\Framework\View\Element\UiComponent\DataProvider\FulltextFilter</item>
            </argument>
        </arguments>
    </virtualType>
    <virtualType name="AcommerceAddressRegionGridDataProvider" type="Magento\Framework\View\Element\UiComponent\DataProvider\DataProvider">
        <arguments>
            <argument name="collection" xsi:type="object" shared="false">Acommerce\Address\Model\ResourceModel\Region\Collection</argument>
            <argument name="filterPool" xsi:type="object" shared="false">AcommerceRegionGirdFilterPool</argument>
        </arguments>
    </virtualType>
    <type name="Acommerce\Address\Model\ResourceModel\Region\Grid\Collection">
        <arguments>
            <argument name="mainTable" xsi:type="string">directory_country_region</argument>
            <argument name="eventPrefix" xsi:type="string">directory_country_region_grid_collection</argument>
            <argument name="eventObject" xsi:type="string">region_grid_collection</argument>
            <argument name="resourceModel" xsi:type="string">Acommerce\Address\Model\ResourceModel\Region</argument>
        </arguments>
    </type>

    <virtualType name="AcommerceCityGirdFilterPool" type="Magento\Framework\View\Element\UiComponent\DataProvider\FilterPool">
        <arguments>
            <argument name="appliers" xsi:type="array">
                <item name="regular" xsi:type="object">Magento\Framework\View\Element\UiComponent\DataProvider\RegularFilter</item>
                <item name="fulltext" xsi:type="object">Magento\Framework\View\Element\UiComponent\DataProvider\FulltextFilter</item>
            </argument>
        </arguments>
    </virtualType>
    <virtualType name="AcommerceAddressCityGridDataProvider" type="Magento\Framework\View\Element\UiComponent\DataProvider\DataProvider">
        <arguments>
            <argument name="collection" xsi:type="object" shared="false">Acommerce\Address\Model\ResourceModel\City\Collection</argument>
            <argument name="filterPool" xsi:type="object" shared="false">AcommerceCityGirdFilterPool</argument>
        </arguments>
    </virtualType>
    <type name="Acommerce\Address\Model\ResourceModel\City\Grid\Collection">
        <arguments>
            <argument name="mainTable" xsi:type="string">directory_country_region_city</argument>
            <argument name="eventPrefix" xsi:type="string">directory_country_region_city_grid_collection</argument>
            <argument name="eventObject" xsi:type="string">city_grid_collection</argument>
            <argument name="resourceModel" xsi:type="string">Acommerce\Address\Model\ResourceModel\City</argument>
        </arguments>
    </type>

    <virtualType name="AcommerceSubdistrictGirdFilterPool" type="Magento\Framework\View\Element\UiComponent\DataProvider\FilterPool">
        <arguments>
            <argument name="appliers" xsi:type="array">
                <item name="regular" xsi:type="object">Magento\Framework\View\Element\UiComponent\DataProvider\RegularFilter</item>
                <item name="fulltext" xsi:type="object">Magento\Framework\View\Element\UiComponent\DataProvider\FulltextFilter</item>
            </argument>
        </arguments>
    </virtualType>
    <virtualType name="AcommerceAddressSubdistrictGridDataProvider" type="Magento\Framework\View\Element\UiComponent\DataProvider\DataProvider">
        <arguments>
            <argument name="collection" xsi:type="object" shared="false">Acommerce\Address\Model\ResourceModel\Subdistrict\Collection</argument>
            <argument name="filterPool" xsi:type="object" shared="false">AcommerceSubdistrictGirdFilterPool</argument>
        </arguments>
    </virtualType>
    <type name="Acommerce\Address\Model\ResourceModel\Subdistrict\Grid\Collection">
        <arguments>
            <argument name="mainTable" xsi:type="string">directory_country_region_city_subdistrict</argument>
            <argument name="eventPrefix" xsi:type="string">directory_country_region_city_subdistrict_grid_collection</argument>
            <argument name="eventObject" xsi:type="string">subdistrict_grid_collection</argument>
            <argument name="resourceModel" xsi:type="string">Acommerce\Address\Model\ResourceModel\Subdistrict</argument>
        </arguments>
    </type>
    <type name="Magento\Customer\Model\Address\Mapper">
        <plugin disabled="false" name="Acommerce_Address_Plugin_Magento_Customer_Model_Address_Mapper" sortOrder="10" type="Acommerce\Address\Plugin\Magento\Customer\Model\Address\Mapper"/>
    </type>
    <type name="Magento\Checkout\Model\DefaultConfigProvider">
        <plugin disabled="false" name="Acommerce_Address_Plugin_Magento_Checkout_Model_DefaultConfigProvider" sortOrder="10" type="Acommerce\Address\Plugin\Magento\Checkout\Model\AddressProvider"/>
    </type>
    <type name="Magento\Checkout\Model\ShippingInformationManagement">
        <plugin disabled="false" name="Acommerce_Subsidiaries_Plugin_Magento_Checkout_Model_ShippingInformationManagement" sortOrder="20" type="Acommerce\Address\Plugin\Magento\Checkout\Model\ShippingInformationManagement"/>
    </type>
    <type name="Magento\Quote\Model\BillingAddressManagement">
        <plugin disabled="false" name="Acommerce_Address_Plugin_Magento_Checkout_Model_BillingAddressManagement" sortOrder="21" type="Acommerce\Address\Plugin\Magento\Checkout\Model\BillingAddressManagement"/>
    </type>
    <preference for="Acommerce\Address\Api\Data\AddressInterface" type="Acommerce\Address\Model\Quote\Address" />
    <preference for="Acommerce\Address\Api\CheckoutManagementInterface" type="Acommerce\Address\Model\CheckoutManagement" />
    <preference for="Magento\Checkout\Model\ShippingInformationManagement" type="Acommerce\Address\Model\ShippingInformationManagement" />
</config>
