<?xml version="1.0"?>

<config xmlns:xsi="http://www.w3.org/2001/XMLSchema-instance" xsi:noNamespaceSchemaLocation="urn:magento:framework:DataObject/etc/fieldset.xsd">
    <scope id="global">
        <fieldset id="sales_convert_quote_address">
            <field name="city_id">
                <aspect name="to_order_address" />
                <aspect name="to_customer_address" />
            </field>
            <field name="subdistrict">
                <aspect name="to_order_address" />
                <aspect name="to_customer_address" />
            </field>
            <field name="subdistrict_id">
                <aspect name="to_order_address" />
                <aspect name="to_customer_address" />
            </field>
        </fieldset>
    </scope>
</config>